Workbook

Sheet Dashboard
A1: Pharmaceutical Drug Sales, 2014-2019: units sold by ATC category
A2: Source: Kaggle 'Pharma sales data' (single-pharmacy POS data aggregated to 8 ATC categories). Units sold, not revenue. 2019 data ends 8 Oct.

Sheet Pivot
A1: Partial Month | B1: No
A3: Sum of Units Sold | B3: Column Labels
A4: Row Labels | B4: 2014 | C4: 2015 | D4: 2016 | E4: 2017 | F4: 2018 | G4: 2019 | H4: Grand Total
A5: Musculo-skeletal system | B5: 2704.3 | C5: 3392.22 | D5: 3696.75 | E5: 3233.92 | F5: 3176.58 | G5: 2520.14 | H5: 18723.91
A6: Anti-inflammatory (acetic acid) | B6: 1447.21 | C6: 1895.62 | D6: 2107.29 | E6: 1846.61 | F6: 1786.93 | G6: 1472.9 | H6: 10556.56
A7: Anti-inflammatory (propionic acid) | B7: 1257.09 | C7: 1496.6 | D7: 1589.46 | E7: 1387.31 | F7: 1389.65 | G7: 1047.24 | H7: 8167.35
A8: Nervous system | B8: 15478.53 | C8: 16655.85 | D8: 18336.13 | E8: 13282.99 | F8: 15855.93 | G8: 11055.08 | H8: 90664.51
A9: Analgesic (paracetamol-type) | B9: 9274.38 | C9: 11923.22 | D9: 13335.58 | E9: 9258.81 | F9: 11230.93 | G9: 7687.33 | H9: 62710.25
A10: Analgesic (salicylic acid) | B10: 1616.47 | C10: 1608.63 | D10: 1655.22 | E10: 1288.3 | F10: 1123.8 | G10: 859.15 | H10: 8151.57
A11: Anxiolytics | B11: 4315.06 | C11: 2965 | D11: 3138.33 | E11: 2555.54 | F11: 3266.2 | G11: 2319.6 | H11: 18559.73
A12: Hypnotics & sedatives | B12: 272.62 | C12: 159 | D12: 207 | E12: 180.34 | F12: 235 | G12: 189 | H12: 1242.96
A13: Respiratory system | B13: 2055.49 | C13: 2704.28 | D13: 3202.07 | E13: 2882.48 | F13: 3852.05 | G13: 2972.15 | H13: 17668.52
A14: Airway disease drugs | B14: 1255 | C14: 1721.25 | D14: 2137 | E14: 1893.62 | F14: 2655.25 | G14: 1909.71 | H14: 11571.83
A15: Antihistamines | B15: 800.49 | C15: 983.03 | D15: 1065.07 | E15: 988.86 | F15: 1196.8 | G15: 1062.44 | H15: 6096.69
A16: Grand Total | B16: 20238.32 | C16: 22752.35 | D16: 25234.95 | E16: 19399.39 | F16: 22884.56 | G16: 16547.37 | H16: 127056.94

Sheet Data
A1: Month | B1: Year | C1: Month No | D1: Category Code | E1: Category Name | F1: Units Sold | G1: Partial Month | H1: ATC Main Group
A2: 41670 | B2: =YEAR(A2) -> 2014 | C2: =MONTH(A2) -> 1 | D2: M01AB | E2: =VLOOKUP(D2,Lookup!$A$2:$C$9,2,FALSE()) -> Anti-inflammatory (acetic acid) | F2: 127.69 | G2: =IF(A2=DATE(2019,10,31),"Yes","No") -> No | H2: =INDEX(Lookup!$C$2:$C$9,MATCH(tblSales[[#This Row],[Category Code]],Lookup!$A$2:$A$9,0)) -> Musculo-skeletal system
A3: 41670 | B3: =YEAR(A3) -> 2014 | C3: =MONTH(A3) -> 1 | D3: M01AE | E3: =VLOOKUP(D3,Lookup!$A$2:$C$9,2,FALSE()) -> Anti-inflammatory (propionic acid) | F3: 99.09 | G3: =IF(A3=DATE(2019,10,31),"Yes","No") -> No | H3: =INDEX(Lookup!$C$2:$C$9,MATCH(tblSales[[#This Row],[Category Code]],Lookup!$A$2:$A$9,0)) -> Musculo-skeletal system
A4: 41670 | B4: =YEAR(A4) -> 2014 | C4: =MONTH(A4) -> 1 | D4: N02BA | E4: =VLOOKUP(D4,Lookup!$A$2:$C$9,2,FALSE()) -> Analgesic (salicylic acid) | F4: 152.1 | G4: =IF(A4=DATE(2019,10,31),"Yes","No") -> No | H4: =INDEX(Lookup!$C$2:$C$9,MATCH(tblSales[[#This Row],[Category Code]],Lookup!$A$2:$A$9,0)) -> Nervous system
A5: 41670 | B5: =YEAR(A5) -> 2014 | C5: =MONTH(A5) -> 1 | D5: N02BE | E5: =VLOOKUP(D5,Lookup!$A$2:$C$9,2,FALSE()) -> Analgesic (paracetamol-type) | F5: 878.03 | G5: =IF(A5=DATE(2019,10,31),"Yes","No") -> No | H5: =INDEX(Lookup!$C$2:$C$9,MATCH(tblSales[[#This Row],[Category Code]],Lookup!$A$2:$A$9,0)) -> Nervous system
A6: 41670 | B6: =YEAR(A6) -> 2014 | C6: =MONTH(A6) -> 1 | D6: N05B | E6: =VLOOKUP(D6,Lookup!$A$2:$C$9,2,FALSE()) -> Anxiolytics | F6: 354 | G6: =IF(A6=DATE(2019,10,31),"Yes","No") -> No | H6: =INDEX(Lookup!$C$2:$C$9,MATCH(tblSales[[#This Row],[Category Code]],Lookup!$A$2:$A$9,0)) -> Nervous system
A7: 41670 | B7: =YEAR(A7) -> 2014 | C7: =MONTH(A7) -> 1 | D7: N05C | E7: =VLOOKUP(D7,Lookup!$A$2:$C$9,2,FALSE()) -> Hypnotics & sedatives | F7: 30 | G7: =IF(A7=DATE(2019,10,31),"Yes","No") -> No | H7: =INDEX(Lookup!$C$2:$C$9,MATCH(tblSales[[#This Row],[Category Code]],Lookup!$A$2:$A$9,0)) -> Nervous system
A8: 41670 | B8: =YEAR(A8) -> 2014 | C8: =MONTH(A8) -> 1 | D8: R03 | E8: =VLOOKUP(D8,Lookup!$A$2:$C$9,2,FALSE()) -> Airway disease drugs | F8: 112 | G8: =IF(A8=DATE(2019,10,31),"Yes","No") -> No | H8: =INDEX(Lookup!$C$2:$C$9,MATCH(tblSales[[#This Row],[Category Code]],Lookup!$A$2:$A$9,0)) -> Respiratory system
A9: 41670 | B9: =YEAR(A9) -> 2014 | C9: =MONTH(A9) -> 1 | D9: R06 | E9: =VLOOKUP(D9,Lookup!$A$2:$C$9,2,FALSE()) -> Antihistamines | F9: 48.2 | G9: =IF(A9=DATE(2019,10,31),"Yes","No") -> No | H9: =INDEX(Lookup!$C$2:$C$9,MATCH(tblSales[[#This Row],[Category Code]],Lookup!$A$2:$A$9,0)) -> Respiratory system
A10: 41698 | B10: =YEAR(A10) -> 2014 | C10: =MONTH(A10) -> 2 | D10: M01AB | E10: =VLOOKUP(D10,Lookup!$A$2:$C$9,2,FALSE()) -> Anti-inflammatory (acetic acid) | F10: 133.32 | G10: =IF(A10=DATE(2019,10,31),"Yes","No") -> No | H10: =INDEX(Lookup!$C$2:$C$9,MATCH(tblSales[[#This Row],[Category Code]],Lookup!$A$2:$A$9,0)) -> Musculo-skeletal system
A11: 41698 | B11: =YEAR(A11) -> 2014 | C11: =MONTH(A11) -> 2 | D11: M01AE | E11: =VLOOKUP(D11,Lookup!$A$2:$C$9,2,FALSE()) -> Anti-inflammatory (propionic acid) | F11: 126.05 | G11: =IF(A11=DATE(2019,10,31),"Yes","No") -> No | H11: =INDEX(Lookup!$C$2:$C$9,MATCH(tblSales[[#This Row],[Category Code]],Lookup!$A$2:$A$9,0)) -> Musculo-skeletal system
A12: 41698 | B12: =YEAR(A12) -> 2014 | C12: =MONTH(A12) -> 2 | D12: N02BA | E12: =VLOOKUP(D12,Lookup!$A$2:$C$9,2,FALSE()) -> Analgesic (salicylic acid) | F12: 177 | G12: =IF(A12=DATE(2019,10,31),"Yes","No") -> No | H12: =INDEX(Lookup!$C$2:$C$9,MATCH(tblSales[[#This Row],[Category Code]],Lookup!$A$2:$A$9,0)) -> Nervous system
A13: 41698 | B13: =YEAR(A13) -> 2014 | C13: =MONTH(A13) -> 2 | D13: N02BE | E13: =VLOOKUP(D13,Lookup!$A$2:$C$9,2,FALSE()) -> Analgesic (paracetamol-type) | F13: 1001.9 | G13: =IF(A13=DATE(2019,10,31),"Yes","No") -> No | H13: =INDEX(Lookup!$C$2:$C$9,MATCH(tblSales[[#This Row],[Category Code]],Lookup!$A$2:$A$9,0)) -> Nervous system
... A561: 43769 | B561: =YEAR(A561) -> 2019 | C561: =MONTH(A561) -> 10 | D561: R06 | E561: =VLOOKUP(D561,Lookup!$A$2:$C$9,2,FALSE()) -> Antihistamines | F561: 11.13 | G561: =IF(A561=DATE(2019,10,31),"Yes","No") -> Yes | H561: =INDEX(Lookup!$C$2:$C$9,MATCH(tblSales[[#This Row],[Category Code]],Lookup!$A$2:$A$9,0)) -> Respiratory system

Sheet Lookup
A1: Category Code | B1: Category Name | C1: ATC Main Group | E1: Blue text = typed-in reference values. Names are short labels based on the ATC classification (first-letter group = ATC level 1). Check against the WHO ATC index before quoting.
A2: M01AB | B2: Anti-inflammatory (acetic acid) | C2: Musculo-skeletal system
A3: M01AE | B3: Anti-inflammatory (propionic acid) | C3: Musculo-skeletal system
A4: N02BA | B4: Analgesic (salicylic acid) | C4: Nervous system
A5: N02BE | B5: Analgesic (paracetamol-type) | C5: Nervous system
A6: N05B | B6: Anxiolytics | C6: Nervous system
A7: N05C | B7: Hypnotics & sedatives | C7: Nervous system
A8: R03 | B8: Airway disease drugs | C8: Respiratory system
A9: R06 | B9: Antihistamines | C9: Respiratory system

Sheet Analysis
A1: Analysis tables (all SUMIFS/INDEX/MATCH formulas on the Data sheet; Dashboard charts read from here)
A2: A) Monthly units by category | L2: B) Total units by category | Q2: C) Categories ranked by units (dynamic) | W2: D) Jan-Sep units by year (like-for-like; 2019 data ends 8 Oct)
A3: Month | B3: =Lookup!A2 -> M01AB | C3: =Lookup!A3 -> M01AE | D3: =Lookup!A4 -> N02BA | E3: =Lookup!A5 -> N02BE | F3: =Lookup!A6 -> N05B | G3: =Lookup!A7 -> N05C | H3: =Lookup!A8 -> R03 | I3: =Lookup!A9 -> R06 | J3: Total | L3: Code | M3: Category | N3: Units | O3: Share | Q3: Rank | R3: Units | S3: Code | T3: Category | U3: Share | W3: Year | X3: Jan-Sep Units | Y3: YoY %
A4: 41670 | B4: =SUMIFS(Data!$F$2:$F$561,Data!$A$2:$A$561,$A4,Data!$D$2:$D$561,B$3) -> 127.69 | C4: =SUMIFS(Data!$F$2:$F$561,Data!$A$2:$A$561,$A4,Data!$D$2:$D$561,C$3) -> 99.09 | D4: =SUMIFS(Data!$F$2:$F$561,Data!$A$2:$A$561,$A4,Data!$D$2:$D$561,D$3) -> 152.1 | E4: =SUMIFS(Data!$F$2:$F$561,Data!$A$2:$A$561,$A4,Data!$D$2:$D$561,E$3) -> 878.03 | F4: =SUMIFS(Data!$F$2:$F$561,Data!$A$2:$A$561,$A4,Data!$D$2:$D$561,F$3) -> 354 | G4: =SUMIFS(Data!$F$2:$F$561,Data!$A$2:$A$561,$A4,Data!$D$2:$D$561,G$3) -> 30 | H4: =SUMIFS(Data!$F$2:$F$561,Data!$A$2:$A$561,$A4,Data!$D$2:$D$561,H$3) -> 112 | I4: =SUMIFS(Data!$F$2:$F$561,Data!$A$2:$A$561,$A4,Data!$D$2:$D$561,I$3) -> 48.2 | J4: =SUM(B4:I4) -> 1801.11 | L4: =Lookup!A2 -> M01AB | M4: =VLOOKUP(L4,Lookup!$A$2:$C$9,2,FALSE()) -> Anti-inflammatory (acetic acid) | N4: =SUMIFS(Data!$F$2:$F$561,Data!$D$2:$D$561,L4) -> 10600.93 | O4: =N4/$N$12 -> 0.083082293 | Q4: 1 | R4: =LARGE($N$4:$N$11,Q4) -> 63005.4 | S4: =INDEX($L$4:$L$11,MATCH(R4,$N$4:$N$11,0)) -> N02BE | T4: =INDEX($M$4:$M$11,MATCH(R4,$N$4:$N$11,0)) -> Analgesic (paracetamol-type) | U4: =R4/$N$12 -> 0.49378999 | W4: 2014 | X4: =SUMIFS(Data!$F$2:$F$561,Data!$B$2:$B$561,W4,Data!$C$2:$C$561,"<=9") -> 14292.21
A5: =EOMONTH(A4,1) -> 41698 | B5: =SUMIFS(Data!$F$2:$F$561,Data!$A$2:$A$561,$A5,Data!$D$2:$D$561,B$3) -> 133.32 | C5: =SUMIFS(Data!$F$2:$F$561,Data!$A$2:$A$561,$A5,Data!$D$2:$D$561,C$3) -> 126.05 | D5: =SUMIFS(Data!$F$2:$F$561,Data!$A$2:$A$561,$A5,Data!$D$2:$D$561,D$3) -> 177 | E5: =SUMIFS(Data!$F$2:$F$561,Data!$A$2:$A$561,$A5,Data!$D$2:$D$561,E$3) -> 1001.9 | F5: =SUMIFS(Data!$F$2:$F$561,Data!$A$2:$A$561,$A5,Data!$D$2:$D$561,F$3) -> 347 | G5: =SUMIFS(Data!$F$2:$F$561,Data!$A$2:$A$561,$A5,Data!$D$2:$D$561,G$3) -> 31 | H5: =SUMIFS(Data!$F$2:$F$561,Data!$A$2:$A$561,$A5,Data!$D$2:$D$561,H$3) -> 122 | I5: =SUMIFS(Data!$F$2:$F$561,Data!$A$2:$A$561,$A5,Data!$D$2:$D$561,I$3) -> 36.2 | J5: =SUM(B5:I5) -> 1974.47 | L5: =Lookup!A3 -> M01AE | M5: =VLOOKUP(L5,Lookup!$A$2:$C$9,2,FALSE()) -> Anti-inflammatory (propionic acid) | N5: =SUMIFS(Data!$F$2:$F$561,Data!$D$2:$D$561,L5) -> 8204.65 | O5: =N5/$N$12 -> 0.064302012 | Q5: 2 | R5: =LARGE($N$4:$N$11,Q5) -> 18645.73 | S5: =INDEX($L$4:$L$11,MATCH(R5,$N$4:$N$11,0)) -> N05B | T5: =INDEX($M$4:$M$11,MATCH(R5,$N$4:$N$11,0)) -> Anxiolytics | U5: =R5/$N$12 -> 0.14613152 | W5: =W4+1 -> 2015 | X5: =SUMIFS(Data!$F$2:$F$561,Data!$B$2:$B$561,W5,Data!$C$2:$C$561,"<=9") -> 15843.06 | Y5: =X5/X4-1 -> 0.10851016
A6: =EOMONTH(A5,1) -> 41729 | B6: =SUMIFS(Data!$F$2:$F$561,Data!$A$2:$A$561,$A6,Data!$D$2:$D$561,B$3) -> 137.44 | C6: =SUMIFS(Data!$F$2:$F$561,Data!$A$2:$A$561,$A6,Data!$D$2:$D$561,C$3) -> 92.95 | D6: =SUMIFS(Data!$F$2:$F$561,Data!$A$2:$A$561,$A6,Data!$D$2:$D$561,D$3) -> 147.66 | E6: =SUMIFS(Data!$F$2:$F$561,Data!$A$2:$A$561,$A6,Data!$D$2:$D$561,E$3) -> 779.27 | F6: =SUMIFS(Data!$F$2:$F$561,Data!$A$2:$A$561,$A6,Data!$D$2:$D$561,F$3) -> 232 | G6: =SUMIFS(Data!$F$2:$F$561,Data!$A$2:$A$561,$A6,Data!$D$2:$D$561,G$3) -> 20 | H6: =SUMIFS(Data!$F$2:$F$561,Data!$A$2:$A$561,$A6,Data!$D$2:$D$561,H$3) -> 112 | I6: =SUMIFS(Data!$F$2:$F$561,Data!$A$2:$A$561,$A6,Data!$D$2:$D$561,I$3) -> 85.4 | J6: =SUM(B6:I6) -> 1606.72 | L6: =Lookup!A4 -> N02BA | M6: =VLOOKUP(L6,Lookup!$A$2:$C$9,2,FALSE()) -> Analgesic (salicylic acid) | N6: =SUMIFS(Data!$F$2:$F$561,Data!$D$2:$D$561,L6) -> 8172.22 | O6: =N6/$N$12 -> 0.06404785 | Q6: 3 | R6: =LARGE($N$4:$N$11,Q6) -> 11608.83 | S6: =INDEX($L$4:$L$11,MATCH(R6,$N$4:$N$11,0)) -> R03 | T6: =INDEX($M$4:$M$11,MATCH(R6,$N$4:$N$11,0)) -> Airway disease drugs | U6: =R6/$N$12 -> 0.090981472 | W6: =W5+1 -> 2016 | X6: =SUMIFS(Data!$F$2:$F$561,Data!$B$2:$B$561,W6,Data!$C$2:$C$561,"<=9") -> 18031.18 | Y6: =X6/X5-1 -> 0.13811221
A7: =EOMONTH(A6,1) -> 41759 | B7: =SUMIFS(Data!$F$2:$F$561,Data!$A$2:$A$561,$A7,Data!$D$2:$D$561,B$3) -> 113.1 | C7: =SUMIFS(Data!$F$2:$F$561,Data!$A$2:$A$561,$A7,Data!$D$2:$D$561,C$3) -> 89.47 | D7: =SUMIFS(Data!$F$2:$F$561,Data!$A$2:$A$561,$A7,Data!$D$2:$D$561,D$3) -> 125.15 | E7: =SUMIFS(Data!$F$2:$F$561,Data!$A$2:$A$561,$A7,Data!$D$2:$D$561,E$3) -> 698.5 | F7: =SUMIFS(Data!$F$2:$F$561,Data!$A$2:$A$561,$A7,Data!$D$2:$D$561,F$3) -> 209 | G7: =SUMIFS(Data!$F$2:$F$561,Data!$A$2:$A$561,$A7,Data!$D$2:$D$561,G$3) -> 18 | H7: =SUMIFS(Data!$F$2:$F$561,Data!$A$2:$A$561,$A7,Data!$D$2:$D$561,H$3) -> 97 | I7: =SUMIFS(Data!$F$2:$F$561,Data!$A$2:$A$561,$A7,Data!$D$2:$D$561,I$3) -> 73.7 | J7: =SUM(B7:I7) -> 1423.92 | L7: =Lookup!A5 -> N02BE | M7: =VLOOKUP(L7,Lookup!$A$2:$C$9,2,FALSE()) -> Analgesic (paracetamol-type) | N7: =SUMIFS(Data!$F$2:$F$561,Data!$D$2:$D$561,L7) -> 63005.4 | O7: =N7/$N$12 -> 0.49378999 | Q7: 4 | R7: =LARGE($N$4:$N$11,Q7) -> 10600.93 | S7: =INDEX($L$4:$L$11,MATCH(R7,$N$4:$N$11,0)) -> M01AB | T7: =INDEX($M$4:$M$11,MATCH(R7,$N$4:$N$11,0)) -> Anti-inflammatory (acetic acid) | U7: =R7/$N$12 -> 0.083082293 | W7: =W6+1 -> 2017 | X7: =SUMIFS(Data!$F$2:$F$561,Data!$B$2:$B$561,W7,Data!$C$2:$C$561,"<=9") -> 13756.58 | Y7: =X7/X6-1 -> -0.23706712
A8: =EOMONTH(A7,1) -> 41790 | B8: =SUMIFS(Data!$F$2:$F$561,Data!$A$2:$A$561,$A8,Data!$D$2:$D$561,B$3) -> 101.79 | C8: =SUMIFS(Data!$F$2:$F$561,Data!$A$2:$A$561,$A8,Data!$D$2:$D$561,C$3) -> 119.93 | D8: =SUMIFS(Data!$F$2:$F$561,Data!$A$2:$A$561,$A8,Data!$D$2:$D$561,D$3) -> 132.1 | E8: =SUMIFS(Data!$F$2:$F$561,Data!$A$2:$A$561,$A8,Data!$D$2:$D$561,E$3) -> 628.78 | F8: =SUMIFS(Data!$F$2:$F$561,Data!$A$2:$A$561,$A8,Data!$D$2:$D$561,F$3) -> 270 | G8: =SUMIFS(Data!$F$2:$F$561,Data!$A$2:$A$561,$A8,Data!$D$2:$D$561,G$3) -> 23 | H8: =SUMIFS(Data!$F$2:$F$561,Data!$A$2:$A$561,$A8,Data!$D$2:$D$561,H$3) -> 107 | I8: =SUMIFS(Data!$F$2:$F$561,Data!$A$2:$A$561,$A8,Data!$D$2:$D$561,I$3) -> 123.7 | J8: =SUM(B8:I8) -> 1506.3 | L8: =Lookup!A6 -> N05B | M8: =VLOOKUP(L8,Lookup!$A$2:$C$9,2,FALSE()) -> Anxiolytics | N8: =SUMIFS(Data!$F$2:$F$561,Data!$D$2:$D$561,L8) -> 18645.73 | O8: =N8/$N$12 -> 0.14613152 | Q8: 5 | R8: =LARGE($N$4:$N$11,Q8) -> 8204.65 | S8: =INDEX($L$4:$L$11,MATCH(R8,$N$4:$N$11,0)) -> M01AE | T8: =INDEX($M$4:$M$11,MATCH(R8,$N$4:$N$11,0)) -> Anti-inflammatory (propionic acid) | U8: =R8/$N$12 -> 0.064302012 | W8: =W7+1 -> 2018 | X8: =SUMIFS(Data!$F$2:$F$561,Data!$B$2:$B$561,W8,Data!$C$2:$C$561,"<=9") -> 16433.01 | Y8: =X8/X7-1 -> 0.19455635
A9: =EOMONTH(A8,1) -> 41820 | B9: =SUMIFS(Data!$F$2:$F$561,Data!$A$2:$A$561,$A9,Data!$D$2:$D$561,B$3) -> 112.07 | C9: =SUMIFS(Data!$F$2:$F$561,Data!$A$2:$A$561,$A9,Data!$D$2:$D$561,C$3) -> 94.71 | D9: =SUMIFS(Data!$F$2:$F$561,Data!$A$2:$A$561,$A9,Data!$D$2:$D$561,D$3) -> 122.9 | E9: =SUMIFS(Data!$F$2:$F$561,Data!$A$2:$A$561,$A9,Data!$D$2:$D$561,E$3) -> 548.23 | F9: =SUMIFS(Data!$F$2:$F$561,Data!$A$2:$A$561,$A9,Data!$D$2:$D$561,F$3) -> 323 | G9: =SUMIFS(Data!$F$2:$F$561,Data!$A$2:$A$561,$A9,Data!$D$2:$D$561,G$3) -> 23 | H9: =SUMIFS(Data!$F$2:$F$561,Data!$A$2:$A$561,$A9,Data!$D$2:$D$561,H$3) -> 57 | I9: =SUMIFS(Data!$F$2:$F$561,Data!$A$2:$A$561,$A9,Data!$D$2:$D$561,I$3) -> 109.3 | J9: =SUM(B9:I9) -> 1390.21 | L9: =Lookup!A7 -> N05C | M9: =VLOOKUP(L9,Lookup!$A$2:$C$9,2,FALSE()) -> Hypnotics & sedatives | N9: =SUMIFS(Data!$F$2:$F$561,Data!$D$2:$D$561,L9) -> 1249.96 | O9: =N9/$N$12 -> 0.0097962672 | Q9: 6 | R9: =LARGE($N$4:$N$11,Q9) -> 8172.22 | S9: =INDEX($L$4:$L$11,MATCH(R9,$N$4:$N$11,0)) -> N02BA | T9: =INDEX($M$4:$M$11,MATCH(R9,$N$4:$N$11,0)) -> Analgesic (salicylic acid) | U9: =R9/$N$12 -> 0.06404785 | W9: =W8+1 -> 2019 | X9: =SUMIFS(Data!$F$2:$F$561,Data!$B$2:$B$561,W9,Data!$C$2:$C$561,"<=9") -> 16547.37 | Y9: =X9/X8-1 -> 0.0069591633
A10: =EOMONTH(A9,1) -> 41851 | B10: =SUMIFS(Data!$F$2:$F$561,Data!$A$2:$A$561,$A10,Data!$D$2:$D$561,B$3) -> 117.06 | C10: =SUMIFS(Data!$F$2:$F$561,Data!$A$2:$A$561,$A10,Data!$D$2:$D$561,C$3) -> 95.01 | D10: =SUMIFS(Data!$F$2:$F$561,Data!$A$2:$A$561,$A10,Data!$D$2:$D$561,D$3) -> 129.3 | E10: =SUMIFS(Data!$F$2:$F$561,Data!$A$2:$A$561,$A10,Data!$D$2:$D$561,E$3) -> 491.9 | F10: =SUMIFS(Data!$F$2:$F$561,Data!$A$2:$A$561,$A10,Data!$D$2:$D$561,F$3) -> 348 | G10: =SUMIFS(Data!$F$2:$F$561,Data!$A$2:$A$561,$A10,Data!$D$2:$D$561,G$3) -> 21 | H10: =SUMIFS(Data!$F$2:$F$561,Data!$A$2:$A$561,$A10,Data!$D$2:$D$561,H$3) -> 61 | I10: =SUMIFS(Data!$F$2:$F$561,Data!$A$2:$A$561,$A10,Data!$D$2:$D$561,I$3) -> 69.1 | J10: =SUM(B10:I10) -> 1332.37 | L10: =Lookup!A8 -> R03 | M10: =VLOOKUP(L10,Lookup!$A$2:$C$9,2,FALSE()) -> Airway disease drugs | N10: =SUMIFS(Data!$F$2:$F$561,Data!$D$2:$D$561,L10) -> 11608.83 | O10: =N10/$N$12 -> 0.090981472 | Q10: 7 | R10: =LARGE($N$4:$N$11,Q10) -> 6107.82 | S10: =INDEX($L$4:$L$11,MATCH(R10,$N$4:$N$11,0)) -> R06 | T10: =INDEX($M$4:$M$11,MATCH(R10,$N$4:$N$11,0)) -> Antihistamines | U10: =R10/$N$12 -> 0.047868601
A11: =EOMONTH(A10,1) -> 41882 | B11: =SUMIFS(Data!$F$2:$F$561,Data!$A$2:$A$561,$A11,Data!$D$2:$D$561,B$3) -> 124.79 | C11: =SUMIFS(Data!$F$2:$F$561,Data!$A$2:$A$561,$A11,Data!$D$2:$D$561,C$3) -> 99.78 | D11: =SUMIFS(Data!$F$2:$F$561,Data!$A$2:$A$561,$A11,Data!$D$2:$D$561,D$3) -> 123.8 | E11: =SUMIFS(Data!$F$2:$F$561,Data!$A$2:$A$561,$A11,Data!$D$2:$D$561,E$3) -> 547.35 | F11: =SUMIFS(Data!$F$2:$F$561,Data!$A$2:$A$561,$A11,Data!$D$2:$D$561,F$3) -> 420 | G11: =SUMIFS(Data!$F$2:$F$561,Data!$A$2:$A$561,$A11,Data!$D$2:$D$561,G$3) -> 29 | H11: =SUMIFS(Data!$F$2:$F$561,Data!$A$2:$A$561,$A11,Data!$D$2:$D$561,H$3) -> 37 | I11: =SUMIFS(Data!$F$2:$F$561,Data!$A$2:$A$561,$A11,Data!$D$2:$D$561,I$3) -> 70.8 | J11: =SUM(B11:I11) -> 1452.52 | L11: =Lookup!A9 -> R06 | M11: =VLOOKUP(L11,Lookup!$A$2:$C$9,2,FALSE()) -> Antihistamines | N11: =SUMIFS(Data!$F$2:$F$561,Data!$D$2:$D$561,L11) -> 6107.82 | O11: =N11/$N$12 -> 0.047868601 | Q11: 8 | R11: =LARGE($N$4:$N$11,Q11) -> 1249.96 | S11: =INDEX($L$4:$L$11,MATCH(R11,$N$4:$N$11,0)) -> N05C | T11: =INDEX($M$4:$M$11,MATCH(R11,$N$4:$N$11,0)) -> Hypnotics & sedatives | U11: =R11/$N$12 -> 0.0097962672
A12: =EOMONTH(A11,1) -> 41912 | B12: =SUMIFS(Data!$F$2:$F$561,Data!$A$2:$A$561,$A12,Data!$D$2:$D$561,B$3) -> 108.78 | C12: =SUMIFS(Data!$F$2:$F$561,Data!$A$2:$A$561,$A12,Data!$D$2:$D$561,C$3) -> 109.09 | D12: =SUMIFS(Data!$F$2:$F$561,Data!$A$2:$A$561,$A12,Data!$D$2:$D$561,D$3) -> 112.1 | E12: =SUMIFS(Data!$F$2:$F$561,Data!$A$2:$A$561,$A12,Data!$D$2:$D$561,E$3) -> 887.82 | F12: =SUMIFS(Data!$F$2:$F$561,Data!$A$2:$A$561,$A12,Data!$D$2:$D$561,F$3) -> 399 | G12: =SUMIFS(Data!$F$2:$F$561,Data!$A$2:$A$561,$A12,Data!$D$2:$D$561,G$3) -> 14 | H12: =SUMIFS(Data!$F$2:$F$561,Data!$A$2:$A$561,$A12,Data!$D$2:$D$561,H$3) -> 115 | I12: =SUMIFS(Data!$F$2:$F$561,Data!$A$2:$A$561,$A12,Data!$D$2:$D$561,I$3) -> 58.8 | J12: =SUM(B12:I12) -> 1804.59 | L12: Total | N12: =SUM(N4:N11) -> 127595.54 | O12: =SUM(O4:O11) -> 1
A13: =EOMONTH(A12,1) -> 41943 | B13: =SUMIFS(Data!$F$2:$F$561,Data!$A$2:$A$561,$A13,Data!$D$2:$D$561,B$3) -> 101.19 | C13: =SUMIFS(Data!$F$2:$F$561,Data!$A$2:$A$561,$A13,Data!$D$2:$D$561,C$3) -> 108.75 | D13: =SUMIFS(Data!$F$2:$F$561,Data!$A$2:$A$561,$A13,Data!$D$2:$D$561,D$3) -> 140.54 | E13: =SUMIFS(Data!$F$2:$F$561,Data!$A$2:$A$561,$A13,Data!$D$2:$D$561,E$3) -> 1073.14 | F13: =SUMIFS(Data!$F$2:$F$561,Data!$A$2:$A$561,$A13,Data!$D$2:$D$561,F$3) -> 432.06 | G13: =SUMIFS(Data!$F$2:$F$561,Data!$A$2:$A$561,$A13,Data!$D$2:$D$561,G$3) -> 19.62 | H13: =SUMIFS(Data!$F$2:$F$561,Data!$A$2:$A$561,$A13,Data!$D$2:$D$561,H$3) -> 160 | I13: =SUMIFS(Data!$F$2:$F$561,Data!$A$2:$A$561,$A13,Data!$D$2:$D$561,I$3) -> 46.69 | J13: =SUM(B13:I13) -> 2081.99
A14: =EOMONTH(A13,1) -> 41973 | B14: =SUMIFS(Data!$F$2:$F$561,Data!$A$2:$A$561,$A14,Data!$D$2:$D$561,B$3) -> 138.08 | C14: =SUMIFS(Data!$F$2:$F$561,Data!$A$2:$A$561,$A14,Data!$D$2:$D$561,C$3) -> 100.86 | D14: =SUMIFS(Data!$F$2:$F$561,Data!$A$2:$A$561,$A14,Data!$D$2:$D$561,D$3) -> 142.7 | E14: =SUMIFS(Data!$F$2:$F$561,Data!$A$2:$A$561,$A14,Data!$D$2:$D$561,E$3) -> 723.8 | F14: =SUMIFS(Data!$F$2:$F$561,Data!$A$2:$A$561,$A14,Data!$D$2:$D$561,F$3) -> 489 | G14: =SUMIFS(Data!$F$2:$F$561,Data!$A$2:$A$561,$A14,Data!$D$2:$D$561,G$3) -> 19 | H14: =SUMIFS(Data!$F$2:$F$561,Data!$A$2:$A$561,$A14,Data!$D$2:$D$561,H$3) -> 112 | I14: =SUMIFS(Data!$F$2:$F$561,Data!$A$2:$A$561,$A14,Data!$D$2:$D$561,I$3) -> 45.2 | J14: =SUM(B14:I14) -> 1770.64
A15: =EOMONTH(A14,1) -> 42004 | B15: =SUMIFS(Data!$F$2:$F$561,Data!$A$2:$A$561,$A15,Data!$D$2:$D$561,B$3) -> 131.9 | C15: =SUMIFS(Data!$F$2:$F$561,Data!$A$2:$A$561,$A15,Data!$D$2:$D$561,C$3) -> 121.4 | D15: =SUMIFS(Data!$F$2:$F$561,Data!$A$2:$A$561,$A15,Data!$D$2:$D$561,D$3) -> 111.12 | E15: =SUMIFS(Data!$F$2:$F$561,Data!$A$2:$A$561,$A15,Data!$D$2:$D$561,E$3) -> 1015.66 | F15: =SUMIFS(Data!$F$2:$F$561,Data!$A$2:$A$561,$A15,Data!$D$2:$D$561,F$3) -> 492 | G15: =SUMIFS(Data!$F$2:$F$561,Data!$A$2:$A$561,$A15,Data!$D$2:$D$561,G$3) -> 25 | H15: =SUMIFS(Data!$F$2:$F$561,Data!$A$2:$A$561,$A15,Data!$D$2:$D$561,H$3) -> 163 | I15: =SUMIFS(Data!$F$2:$F$561,Data!$A$2:$A$561,$A15,Data!$D$2:$D$561,I$3) -> 33.4 | J15: =SUM(B15:I15) -> 2093.48
A16: =EOMONTH(A15,1) -> 42035 | B16: =SUMIFS(Data!$F$2:$F$561,Data!$A$2:$A$561,$A16,Data!$D$2:$D$561,B$3) -> 135.91 | C16: =SUMIFS(Data!$F$2:$F$561,Data!$A$2:$A$561,$A16,Data!$D$2:$D$561,C$3) -> 130.35 | D16: =SUMIFS(Data!$F$2:$F$561,Data!$A$2:$A$561,$A16,Data!$D$2:$D$561,D$3) -> 141 | E16: =SUMIFS(Data!$F$2:$F$561,Data!$A$2:$A$561,$A16,Data!$D$2:$D$561,E$3) -> 1044.24 | F16: =SUMIFS(Data!$F$2:$F$561,Data!$A$2:$A$561,$A16,Data!$D$2:$D$561,F$3) -> 463 | G16: =SUMIFS(Data!$F$2:$F$561,Data!$A$2:$A$561,$A16,Data!$D$2:$D$561,G$3) -> 24 | H16: =SUMIFS(Data!$F$2:$F$561,Data!$A$2:$A$561,$A16,Data!$D$2:$D$561,H$3) -> 177.25 | I16: =SUMIFS(Data!$F$2:$F$561,Data!$A$2:$A$561,$A16,Data!$D$2:$D$561,I$3) -> 42 | J16: =SUM(B16:I16) -> 2157.75
A17: =EOMONTH(A16,1) -> 42063 | B17: =SUMIFS(Data!$F$2:$F$561,Data!$A$2:$A$561,$A17,Data!$D$2:$D$561,B$3) -> 115.71 | C17: =SUMIFS(Data!$F$2:$F$561,Data!$A$2:$A$561,$A17,Data!$D$2:$D$561,C$3) -> 123.74 | D17: =SUMIFS(Data!$F$2:$F$561,Data!$A$2:$A$561,$A17,Data!$D$2:$D$561,D$3) -> 131.83 | E17: =SUMIFS(Data!$F$2:$F$561,Data!$A$2:$A$561,$A17,Data!$D$2:$D$561,E$3) -> 953.25 | F17: =SUMIFS(Data!$F$2:$F$561,Data!$A$2:$A$561,$A17,Data!$D$2:$D$561,F$3) -> 243 | G17: =SUMIFS(Data!$F$2:$F$561,Data!$A$2:$A$561,$A17,Data!$D$2:$D$561,G$3) -> 9 | H17: =SUMIFS(Data!$F$2:$F$561,Data!$A$2:$A$561,$A17,Data!$D$2:$D$561,H$3) -> 208 | I17: =SUMIFS(Data!$F$2:$F$561,Data!$A$2:$A$561,$A17,Data!$D$2:$D$561,I$3) -> 47 | J17: =SUM(B17:I17) -> 1831.53
A18: =EOMONTH(A17,1) -> 42094 | B18: =SUMIFS(Data!$F$2:$F$561,Data!$A$2:$A$561,$A18,Data!$D$2:$D$561,B$3) -> 156.04 | C18: =SUMIFS(Data!$F$2:$F$561,Data!$A$2:$A$561,$A18,Data!$D$2:$D$561,C$3) -> 129.39 | D18: =SUMIFS(Data!$F$2:$F$561,Data!$A$2:$A$561,$A18,Data!$D$2:$D$561,D$3) -> 133.8 | E18: =SUMIFS(Data!$F$2:$F$561,Data!$A$2:$A$561,$A18,Data!$D$2:$D$561,E$3) -> 1084.85 | F18: =SUMIFS(Data!$F$2:$F$561,Data!$A$2:$A$561,$A18,Data!$D$2:$D$561,F$3) -> 208 | G18: =SUMIFS(Data!$F$2:$F$561,Data!$A$2:$A$561,$A18,Data!$D$2:$D$561,G$3) -> 13 | H18: =SUMIFS(Data!$F$2:$F$561,Data!$A$2:$A$561,$A18,Data!$D$2:$D$561,H$3) -> 170 | I18: =SUMIFS(Data!$F$2:$F$561,Data!$A$2:$A$561,$A18,Data!$D$2:$D$561,I$3) -> 54 | J18: =SUM(B18:I18) -> 1949.08
A19: =EOMONTH(A18,1) -> 42124 | B19: =SUMIFS(Data!$F$2:$F$561,Data!$A$2:$A$561,$A19,Data!$D$2:$D$561,B$3) -> 154.5 | C19: =SUMIFS(Data!$F$2:$F$561,Data!$A$2:$A$561,$A19,Data!$D$2:$D$561,C$3) -> 101.11 | D19: =SUMIFS(Data!$F$2:$F$561,Data!$A$2:$A$561,$A19,Data!$D$2:$D$561,D$3) -> 122.1 | E19: =SUMIFS(Data!$F$2:$F$561,Data!$A$2:$A$561,$A19,Data!$D$2:$D$561,E$3) -> 940.17 | F19: =SUMIFS(Data!$F$2:$F$561,Data!$A$2:$A$561,$A19,Data!$D$2:$D$561,F$3) -> 192 | G19: =SUMIFS(Data!$F$2:$F$561,Data!$A$2:$A$561,$A19,Data!$D$2:$D$561,G$3) -> 5 | H19: =SUMIFS(Data!$F$2:$F$561,Data!$A$2:$A$561,$A19,Data!$D$2:$D$561,H$3) -> 97 | I19: =SUMIFS(Data!$F$2:$F$561,Data!$A$2:$A$561,$A19,Data!$D$2:$D$561,I$3) -> 112 | J19: =SUM(B19:I19) -> 1723.88
A20: =EOMONTH(A19,1) -> 42155 | B20: =SUMIFS(Data!$F$2:$F$561,Data!$A$2:$A$561,$A20,Data!$D$2:$D$561,B$3) -> 160.02 | C20: =SUMIFS(Data!$F$2:$F$561,Data!$A$2:$A$561,$A20,Data!$D$2:$D$561,C$3) -> 119.12 | D20: =SUMIFS(Data!$F$2:$F$561,Data!$A$2:$A$561,$A20,Data!$D$2:$D$561,D$3) -> 136.04 | E20: =SUMIFS(Data!$F$2:$F$561,Data!$A$2:$A$561,$A20,Data!$D$2:$D$561,E$3) -> 765.9 | F20: =SUMIFS(Data!$F$2:$F$561,Data!$A$2:$A$561,$A20,Data!$D$2:$D$561,F$3) -> 194 | G20: =SUMIFS(Data!$F$2:$F$561,Data!$A$2:$A$561,$A20,Data!$D$2:$D$561,G$3) -> 10 | H20: =SUMIFS(Data!$F$2:$F$561,Data!$A$2:$A$561,$A20,Data!$D$2:$D$561,H$3) -> 100 | I20: =SUMIFS(Data!$F$2:$F$561,Data!$A$2:$A$561,$A20,Data!$D$2:$D$561,I$3) -> 159.5 | J20: =SUM(B20:I20) -> 1644.58
A21: =EOMONTH(A20,1) -> 42185 | B21: =SUMIFS(Data!$F$2:$F$561,Data!$A$2:$A$561,$A21,Data!$D$2:$D$561,B$3) -> 151.87 | C21: =SUMIFS(Data!$F$2:$F$561,Data!$A$2:$A$561,$A21,Data!$D$2:$D$561,C$3) -> 113.69 | D21: =SUMIFS(Data!$F$2:$F$561,Data!$A$2:$A$561,$A21,Data!$D$2:$D$561,D$3) -> 145.46 | E21: =SUMIFS(Data!$F$2:$F$561,Data!$A$2:$A$561,$A21,Data!$D$2:$D$561,E$3) -> 715.41 | F21: =SUMIFS(Data!$F$2:$F$561,Data!$A$2:$A$561,$A21,Data!$D$2:$D$561,F$3) -> 217 | G21: =SUMIFS(Data!$F$2:$F$561,Data!$A$2:$A$561,$A21,Data!$D$2:$D$561,G$3) -> 12 | H21: =SUMIFS(Data!$F$2:$F$561,Data!$A$2:$A$561,$A21,Data!$D$2:$D$561,H$3) -> 193 | I21: =SUMIFS(Data!$F$2:$F$561,Data!$A$2:$A$561,$A21,Data!$D$2:$D$561,I$3) -> 125.8 | J21: =SUM(B21:I21) -> 1674.23
A22: =EOMONTH(A21,1) -> 42216 | B22: =SUMIFS(Data!$F$2:$F$561,Data!$A$2:$A$561,$A22,Data!$D$2:$D$561,B$3) -> 175.61 | C22: =SUMIFS(Data!$F$2:$F$561,Data!$A$2:$A$561,$A22,Data!$D$2:$D$561,C$3) -> 113.81 | D22: =SUMIFS(Data!$F$2:$F$561,Data!$A$2:$A$561,$A22,Data!$D$2:$D$561,D$3) -> 125.5 | E22: =SUMIFS(Data!$F$2:$F$561,Data!$A$2:$A$561,$A22,Data!$D$2:$D$561,E$3) -> 708.83 | F22: =SUMIFS(Data!$F$2:$F$561,Data!$A$2:$A$561,$A22,Data!$D$2:$D$561,F$3) -> 203 | G22: =SUMIFS(Data!$F$2:$F$561,Data!$A$2:$A$561,$A22,Data!$D$2:$D$561,G$3) -> 6 | H22: =SUMIFS(Data!$F$2:$F$561,Data!$A$2:$A$561,$A22,Data!$D$2:$D$561,H$3) -> 60 | I22: =SUMIFS(Data!$F$2:$F$561,Data!$A$2:$A$561,$A22,Data!$D$2:$D$561,I$3) -> 130.3 | J22: =SUM(B22:I22) -> 1523.05
A23: =EOMONTH(A22,1) -> 42247 | B23: =SUMIFS(Data!$F$2:$F$561,Data!$A$2:$A$561,$A23,Data!$D$2:$D$561,B$3) -> 181.69 | C23: =SUMIFS(Data!$F$2:$F$561,Data!$A$2:$A$561,$A23,Data!$D$2:$D$561,C$3) -> 144.52 | D23: =SUMIFS(Data!$F$2:$F$561,Data!$A$2:$A$561,$A23,Data!$D$2:$D$561,D$3) -> 133.4 | E23: =SUMIFS(Data!$F$2:$F$561,Data!$A$2:$A$561,$A23,Data!$D$2:$D$561,E$3) -> 790.79 | F23: =SUMIFS(Data!$F$2:$F$561,Data!$A$2:$A$561,$A23,Data!$D$2:$D$561,F$3) -> 265.5 | G23: =SUMIFS(Data!$F$2:$F$561,Data!$A$2:$A$561,$A23,Data!$D$2:$D$561,G$3) -> 15 | H23: =SUMIFS(Data!$F$2:$F$561,Data!$A$2:$A$561,$A23,Data!$D$2:$D$561,H$3) -> 45 | I23: =SUMIFS(Data!$F$2:$F$561,Data!$A$2:$A$561,$A23,Data!$D$2:$D$561,I$3) -> 83.7 | J23: =SUM(B23:I23) -> 1659.6
A24: =EOMONTH(A23,1) -> 42277 | B24: =SUMIFS(Data!$F$2:$F$561,Data!$A$2:$A$561,$A24,Data!$D$2:$D$561,B$3) -> 166.22 | C24: =SUMIFS(Data!$F$2:$F$561,Data!$A$2:$A$561,$A24,Data!$D$2:$D$561,C$3) -> 134.12 | D24: =SUMIFS(Data!$F$2:$F$561,Data!$A$2:$A$561,$A24,Data!$D$2:$D$561,D$3) -> 110.4 | E24: =SUMIFS(Data!$F$2:$F$561,Data!$A$2:$A$561,$A24,Data!$D$2:$D$561,E$3) -> 852.12 | F24: =SUMIFS(Data!$F$2:$F$561,Data!$A$2:$A$561,$A24,Data!$D$2:$D$561,F$3) -> 243.5 | G24: =SUMIFS(Data!$F$2:$F$561,Data!$A$2:$A$561,$A24,Data!$D$2:$D$561,G$3) -> 11 | H24: =SUMIFS(Data!$F$2:$F$561,Data!$A$2:$A$561,$A24,Data!$D$2:$D$561,H$3) -> 91 | I24: =SUMIFS(Data!$F$2:$F$561,Data!$A$2:$A$561,$A24,Data!$D$2:$D$561,I$3) -> 71 | J24: =SUM(B24:I24) -> 1679.36
... A73: =EOMONTH(A72,1) -> 43769 | B73: =SUMIFS(Data!$F$2:$F$561,Data!$A$2:$A$561,$A73,Data!$D$2:$D$561,B$3) -> 44.37 | C73: =SUMIFS(Data!$F$2:$F$561,Data!$A$2:$A$561,$A73,Data!$D$2:$D$561,C$3) -> 37.3 | D73: =SUMIFS(Data!$F$2:$F$561,Data!$A$2:$A$561,$A73,Data!$D$2:$D$561,D$3) -> 20.65 | E73: =SUMIFS(Data!$F$2:$F$561,Data!$A$2:$A$561,$A73,Data!$D$2:$D$561,E$3) -> 295.15 | F73: =SUMIFS(Data!$F$2:$F$561,Data!$A$2:$A$561,$A73,Data!$D$2:$D$561,F$3) -> 86 | G73: =SUMIFS(Data!$F$2:$F$561,Data!$A$2:$A$561,$A73,Data!$D$2:$D$561,G$3) -> 7 | H73: =SUMIFS(Data!$F$2:$F$561,Data!$A$2:$A$561,$A73,Data!$D$2:$D$561,H$3) -> 37 | I73: =SUMIFS(Data!$F$2:$F$561,Data!$A$2:$A$561,$A73,Data!$D$2:$D$561,I$3) -> 11.13 | J73: =SUM(B73:I73) -> 538.6
A74: Oct-2019 (last row) is a partial month: data ends 8 Oct 2019. Trend chart stops at Sep-2019.

Sheet Notes
A1: Pharmaceutical Drug Sales - Excel workbook notes
A3: Source
A4: Kaggle 'Pharma sales data' by Milan Zdravkovic (kaggle.com/datasets/milanzdravkovic/pharma-sales-data). License on the Kaggle page: CC BY-NC 4.0.
A5: What the data is: units sold per ATC drug category (8 categories), 2 Jan 2014 - 8 Oct 2019. Quantities, not revenue. No product-level rows are included in the download.
A7: How this workbook was built
A8: 1. Monthly totals were aggregated in Python (pandas) from salesdaily.csv, NOT from salesmonthly.csv.
A9: Reason: the daily file reconciles exactly with the hourly file; the monthly file differs by >1% in 28 of 70 months (Jan-2017 is ~0 there but ~2,700 units in the daily data).
A10: 2. 'Data' sheet = one row per month x category (560 rows), stored as Excel Table 'tblSales'. Category Name is a VLOOKUP into the 'Lookup' sheet.
A11: 3. 'Analysis' sheet = SUMIFS / INDEX-MATCH / LARGE formulas that feed the 4 charts on 'Dashboard'.
A13: Assumptions and caveats
A14: - Oct 2019 is a partial month (data ends 8 Oct) and is flagged in Data!G. The monthly trend chart stops at Sep 2019.
A15: - Year-over-year uses Jan-Sep only, because 2019 is incomplete. Full-year 2019 vs 2018 would be misleading.
... A25: Filter = Partial Month (untick Yes). Then Insert > PivotChart if you want a chart tied to it.
